file,class,method,variable,usage
C:\Users\syuuj\gitProject\zookeeper\zookeeper-server\src\main\java\org\apache\zookeeper\ClientCnxn.java,org.apache.zookeeper.ClientCnxn$SessionTimeoutException,SessionTimeoutException/1[java.lang.String],msg,1
C:\Users\syuuj\gitProject\zookeeper\zookeeper-server\src\main\java\org\apache\zookeeper\ClientCnxn.java,org.apache.zookeeper.ClientCnxn$ConnectionTimeoutException,ConnectionTimeoutException/1[java.lang.String],message,1
C:\Users\syuuj\gitProject\zookeeper\zookeeper-server\src\main\java\org\apache\zookeeper\ClientCnxn.java,org.apache.zookeeper.ClientCnxn,"queuePacket/9[org.apache.zookeeper.RequestHeader,org.apache.zookeeper.ReplyHeader,java.lang.Record,java.lang.Record,org.apache.zookeeper.AsyncCallback,java.lang.String,java.lang.String,java.lang.Object,org.apache.zookeeper.WatchRegistration]",serverPath,1
C:\Users\syuuj\gitProject\zookeeper\zookeeper-server\src\main\java\org\apache\zookeeper\ClientCnxn.java,org.apache.zookeeper.ClientCnxn,"queuePacket/9[org.apache.zookeeper.RequestHeader,org.apache.zookeeper.ReplyHeader,java.lang.Record,java.lang.Record,org.apache.zookeeper.AsyncCallback,java.lang.String,java.lang.String,java.lang.Object,org.apache.zookeeper.WatchRegistration]",request,1
C:\Users\syuuj\gitProject\zookeeper\zookeeper-server\src\main\java\org\apache\zookeeper\ClientCnxn.java,org.apache.zookeeper.ClientCnxn,"queuePacket/9[org.apache.zookeeper.RequestHeader,org.apache.zookeeper.ReplyHeader,java.lang.Record,java.lang.Record,org.apache.zookeeper.AsyncCallback,java.lang.String,java.lang.String,java.lang.Object,org.apache.zookeeper.WatchRegistration]",r,1
C:\Users\syuuj\gitProject\zookeeper\zookeeper-server\src\main\java\org\apache\zookeeper\ClientCnxn.java,org.apache.zookeeper.ClientCnxn,"queuePacket/9[org.apache.zookeeper.RequestHeader,org.apache.zookeeper.ReplyHeader,java.lang.Record,java.lang.Record,org.apache.zookeeper.AsyncCallback,java.lang.String,java.lang.String,java.lang.Object,org.apache.zookeeper.WatchRegistration]",clientPath,1
C:\Users\syuuj\gitProject\zookeeper\zookeeper-server\src\main\java\org\apache\zookeeper\ClientCnxn.java,org.apache.zookeeper.ClientCnxn,"queuePacket/9[org.apache.zookeeper.RequestHeader,org.apache.zookeeper.ReplyHeader,java.lang.Record,java.lang.Record,org.apache.zookeeper.AsyncCallback,java.lang.String,java.lang.String,java.lang.Object,org.apache.zookeeper.WatchRegistration]",response,1
C:\Users\syuuj\gitProject\zookeeper\zookeeper-server\src\main\java\org\apache\zookeeper\ClientCnxn.java,org.apache.zookeeper.ClientCnxn,"queuePacket/9[org.apache.zookeeper.RequestHeader,org.apache.zookeeper.ReplyHeader,java.lang.Record,java.lang.Record,org.apache.zookeeper.AsyncCallback,java.lang.String,java.lang.String,java.lang.Object,org.apache.zookeeper.WatchRegistration]",ctx,1
C:\Users\syuuj\gitProject\zookeeper\zookeeper-server\src\main\java\org\apache\zookeeper\ClientCnxn.java,org.apache.zookeeper.ClientCnxn,"queuePacket/9[org.apache.zookeeper.RequestHeader,org.apache.zookeeper.ReplyHeader,java.lang.Record,java.lang.Record,org.apache.zookeeper.AsyncCallback,java.lang.String,java.lang.String,java.lang.Object,org.apache.zookeeper.WatchRegistration]",h,1
C:\Users\syuuj\gitProject\zookeeper\zookeeper-server\src\main\java\org\apache\zookeeper\ClientCnxn.java,org.apache.zookeeper.ClientCnxn,"queuePacket/9[org.apache.zookeeper.RequestHeader,org.apache.zookeeper.ReplyHeader,java.lang.Record,java.lang.Record,org.apache.zookeeper.AsyncCallback,java.lang.String,java.lang.String,java.lang.Object,org.apache.zookeeper.WatchRegistration]",watchRegistration,1
C:\Users\syuuj\gitProject\zookeeper\zookeeper-server\src\main\java\org\apache\zookeeper\ClientCnxn.java,org.apache.zookeeper.ClientCnxn,"queuePacket/9[org.apache.zookeeper.RequestHeader,org.apache.zookeeper.ReplyHeader,java.lang.Record,java.lang.Record,org.apache.zookeeper.AsyncCallback,java.lang.String,java.lang.String,java.lang.Object,org.apache.zookeeper.WatchRegistration]",cb,1
C:\Users\syuuj\gitProject\zookeeper\zookeeper-server\src\main\java\org\apache\zookeeper\ClientCnxn.java,org.apache.zookeeper.ClientCnxn,"addAuthInfo/2[java.lang.String,byte[]]",scheme,2
C:\Users\syuuj\gitProject\zookeeper\zookeeper-server\src\main\java\org\apache\zookeeper\ClientCnxn.java,org.apache.zookeeper.ClientCnxn,"addAuthInfo/2[java.lang.String,byte[]]",auth,3
C:\Users\syuuj\gitProject\zookeeper\zookeeper-server\src\main\java\org\apache\zookeeper\ClientCnxn.java,org.apache.zookeeper.ClientCnxn,initRequestTimeout/0,e,1
C:\Users\syuuj\gitProject\zookeeper\zookeeper-server\src\main\java\org\apache\zookeeper\ClientCnxn.java,org.apache.zookeeper.ClientCnxn,"sendPacket/4[java.lang.Record,java.lang.Record,org.apache.zookeeper.AsyncCallback,int]",p,2
C:\Users\syuuj\gitProject\zookeeper\zookeeper-server\src\main\java\org\apache\zookeeper\ClientCnxn.java,org.apache.zookeeper.ClientCnxn,"sendPacket/4[java.lang.Record,java.lang.Record,org.apache.zookeeper.AsyncCallback,int]",request,1
C:\Users\syuuj\gitProject\zookeeper\zookeeper-server\src\main\java\org\apache\zookeeper\ClientCnxn.java,org.apache.zookeeper.ClientCnxn,"sendPacket/4[java.lang.Record,java.lang.Record,org.apache.zookeeper.AsyncCallback,int]",xid,2
C:\Users\syuuj\gitProject\zookeeper\zookeeper-server\src\main\java\org\apache\zookeeper\ClientCnxn.java,org.apache.zookeeper.ClientCnxn,"sendPacket/4[java.lang.Record,java.lang.Record,org.apache.zookeeper.AsyncCallback,int]",r,2
C:\Users\syuuj\gitProject\zookeeper\zookeeper-server\src\main\java\org\apache\zookeeper\ClientCnxn.java,org.apache.zookeeper.ClientCnxn,"sendPacket/4[java.lang.Record,java.lang.Record,org.apache.zookeeper.AsyncCallback,int]",response,1
C:\Users\syuuj\gitProject\zookeeper\zookeeper-server\src\main\java\org\apache\zookeeper\ClientCnxn.java,org.apache.zookeeper.ClientCnxn,"sendPacket/4[java.lang.Record,java.lang.Record,org.apache.zookeeper.AsyncCallback,int]",h,3
C:\Users\syuuj\gitProject\zookeeper\zookeeper-server\src\main\java\org\apache\zookeeper\ClientCnxn.java,org.apache.zookeeper.ClientCnxn,"sendPacket/4[java.lang.Record,java.lang.Record,org.apache.zookeeper.AsyncCallback,int]",opCode,1
C:\Users\syuuj\gitProject\zookeeper\zookeeper-server\src\main\java\org\apache\zookeeper\ClientCnxn.java,org.apache.zookeeper.ClientCnxn,"sendPacket/4[java.lang.Record,java.lang.Record,org.apache.zookeeper.AsyncCallback,int]",cb,2
C:\Users\syuuj\gitProject\zookeeper\zookeeper-server\src\main\java\org\apache\zookeeper\ClientCnxn.java,org.apache.zookeeper.ClientCnxn,"ClientCnxn/8[org.apache.zookeeper.HostProvider,int,org.apache.zookeeper.ZKClientConfig,org.apache.zookeeper.Watcher,org.apache.zookeeper.ClientCnxnSocket,long,byte[],boolean]",canBeReadOnly,1
C:\Users\syuuj\gitProject\zookeeper\zookeeper-server\src\main\java\org\apache\zookeeper\ClientCnxn.java,org.apache.zookeeper.ClientCnxn,"ClientCnxn/8[org.apache.zookeeper.HostProvider,int,org.apache.zookeeper.ZKClientConfig,org.apache.zookeeper.Watcher,org.apache.zookeeper.ClientCnxnSocket,long,byte[],boolean]",hostProvider,3
C:\Users\syuuj\gitProject\zookeeper\zookeeper-server\src\main\java\org\apache\zookeeper\ClientCnxn.java,org.apache.zookeeper.ClientCnxn,"ClientCnxn/8[org.apache.zookeeper.HostProvider,int,org.apache.zookeeper.ZKClientConfig,org.apache.zookeeper.Watcher,org.apache.zookeeper.ClientCnxnSocket,long,byte[],boolean]",sessionTimeout,5
C:\Users\syuuj\gitProject\zookeeper\zookeeper-server\src\main\java\org\apache\zookeeper\ClientCnxn.java,org.apache.zookeeper.ClientCnxn,"ClientCnxn/8[org.apache.zookeeper.HostProvider,int,org.apache.zookeeper.ZKClientConfig,org.apache.zookeeper.Watcher,org.apache.zookeeper.ClientCnxnSocket,long,byte[],boolean]",defaultWatcher,1
C:\Users\syuuj\gitProject\zookeeper\zookeeper-server\src\main\java\org\apache\zookeeper\ClientCnxn.java,org.apache.zookeeper.ClientCnxn,"ClientCnxn/8[org.apache.zookeeper.HostProvider,int,org.apache.zookeeper.ZKClientConfig,org.apache.zookeeper.Watcher,org.apache.zookeeper.ClientCnxnSocket,long,byte[],boolean]",sessionPasswd,2
C:\Users\syuuj\gitProject\zookeeper\zookeeper-server\src\main\java\org\apache\zookeeper\ClientCnxn.java,org.apache.zookeeper.ClientCnxn,"ClientCnxn/8[org.apache.zookeeper.HostProvider,int,org.apache.zookeeper.ZKClientConfig,org.apache.zookeeper.Watcher,org.apache.zookeeper.ClientCnxnSocket,long,byte[],boolean]",clientConfig,3
C:\Users\syuuj\gitProject\zookeeper\zookeeper-server\src\main\java\org\apache\zookeeper\ClientCnxn.java,org.apache.zookeeper.ClientCnxn,"ClientCnxn/8[org.apache.zookeeper.HostProvider,int,org.apache.zookeeper.ZKClientConfig,org.apache.zookeeper.Watcher,org.apache.zookeeper.ClientCnxnSocket,long,byte[],boolean]",sessionId,2
C:\Users\syuuj\gitProject\zookeeper\zookeeper-server\src\main\java\org\apache\zookeeper\ClientCnxn.java,org.apache.zookeeper.ClientCnxn,"ClientCnxn/8[org.apache.zookeeper.HostProvider,int,org.apache.zookeeper.ZKClientConfig,org.apache.zookeeper.Watcher,org.apache.zookeeper.ClientCnxnSocket,long,byte[],boolean]",clientCnxnSocket,1
C:\Users\syuuj\gitProject\zookeeper\zookeeper-server\src\main\java\org\apache\zookeeper\ClientCnxn.java,org.apache.zookeeper.ClientCnxn,disconnect/0,ex,1
C:\Users\syuuj\gitProject\zookeeper\zookeeper-server\src\main\java\org\apache\zookeeper\ClientCnxn.java,org.apache.zookeeper.ClientCnxn,"queueCallback/4[org.apache.zookeeper.AsyncCallback,int,java.lang.String,java.lang.Object]",rc,1
C:\Users\syuuj\gitProject\zookeeper\zookeeper-server\src\main\java\org\apache\zookeeper\ClientCnxn.java,org.apache.zookeeper.ClientCnxn,"queueCallback/4[org.apache.zookeeper.AsyncCallback,int,java.lang.String,java.lang.Object]",path,1
C:\Users\syuuj\gitProject\zookeeper\zookeeper-server\src\main\java\org\apache\zookeeper\ClientCnxn.java,org.apache.zookeeper.ClientCnxn,"queueCallback/4[org.apache.zookeeper.AsyncCallback,int,java.lang.String,java.lang.Object]",ctx,1
C:\Users\syuuj\gitProject\zookeeper\zookeeper-server\src\main\java\org\apache\zookeeper\ClientCnxn.java,org.apache.zookeeper.ClientCnxn,"queueCallback/4[org.apache.zookeeper.AsyncCallback,int,java.lang.String,java.lang.Object]",cb,1
C:\Users\syuuj\gitProject\zookeeper\zookeeper-server\src\main\java\org\apache\zookeeper\ClientCnxn.java,org.apache.zookeeper.ClientCnxn,"submitRequest/5[org.apache.zookeeper.RequestHeader,java.lang.Record,java.lang.Record,org.apache.zookeeper.WatchRegistration,org.apache.zookeeper.WatchDeregistration]",request,1
C:\Users\syuuj\gitProject\zookeeper\zookeeper-server\src\main\java\org\apache\zookeeper\ClientCnxn.java,org.apache.zookeeper.ClientCnxn,"submitRequest/5[org.apache.zookeeper.RequestHeader,java.lang.Record,java.lang.Record,org.apache.zookeeper.WatchRegistration,org.apache.zookeeper.WatchDeregistration]",r,4
C:\Users\syuuj\gitProject\zookeeper\zookeeper-server\src\main\java\org\apache\zookeeper\ClientCnxn.java,org.apache.zookeeper.ClientCnxn,"submitRequest/5[org.apache.zookeeper.RequestHeader,java.lang.Record,java.lang.Record,org.apache.zookeeper.WatchRegistration,org.apache.zookeeper.WatchDeregistration]",watchDeregistration,1
C:\Users\syuuj\gitProject\zookeeper\zookeeper-server\src\main\java\org\apache\zookeeper\ClientCnxn.java,org.apache.zookeeper.ClientCnxn,"submitRequest/5[org.apache.zookeeper.RequestHeader,java.lang.Record,java.lang.Record,org.apache.zookeeper.WatchRegistration,org.apache.zookeeper.WatchDeregistration]",response,1
C:\Users\syuuj\gitProject\zookeeper\zookeeper-server\src\main\java\org\apache\zookeeper\ClientCnxn.java,org.apache.zookeeper.ClientCnxn,"submitRequest/5[org.apache.zookeeper.RequestHeader,java.lang.Record,java.lang.Record,org.apache.zookeeper.WatchRegistration,org.apache.zookeeper.WatchDeregistration]",h,1
C:\Users\syuuj\gitProject\zookeeper\zookeeper-server\src\main\java\org\apache\zookeeper\ClientCnxn.java,org.apache.zookeeper.ClientCnxn,"submitRequest/5[org.apache.zookeeper.RequestHeader,java.lang.Record,java.lang.Record,org.apache.zookeeper.WatchRegistration,org.apache.zookeeper.WatchDeregistration]",packet,4
C:\Users\syuuj\gitProject\zookeeper\zookeeper-server\src\main\java\org\apache\zookeeper\ClientCnxn.java,org.apache.zookeeper.ClientCnxn,"submitRequest/5[org.apache.zookeeper.RequestHeader,java.lang.Record,java.lang.Record,org.apache.zookeeper.WatchRegistration,org.apache.zookeeper.WatchDeregistration]",watchRegistration,1
C:\Users\syuuj\gitProject\zookeeper\zookeeper-server\src\main\java\org\apache\zookeeper\ClientCnxn.java,org.apache.zookeeper.ClientCnxn,"waitForPacketFinish/2[org.apache.zookeeper.ReplyHeader,org.apache.zookeeper.ClientCnxn.Packet]",r,1
C:\Users\syuuj\gitProject\zookeeper\zookeeper-server\src\main\java\org\apache\zookeeper\ClientCnxn.java,org.apache.zookeeper.ClientCnxn,"waitForPacketFinish/2[org.apache.zookeeper.ReplyHeader,org.apache.zookeeper.ClientCnxn.Packet]",waitStartTime,1
C:\Users\syuuj\gitProject\zookeeper\zookeeper-server\src\main\java\org\apache\zookeeper\ClientCnxn.java,org.apache.zookeeper.ClientCnxn,"waitForPacketFinish/2[org.apache.zookeeper.ReplyHeader,org.apache.zookeeper.ClientCnxn.Packet]",packet,4
C:\Users\syuuj\gitProject\zookeeper\zookeeper-server\src\main\java\org\apache\zookeeper\ClientCnxn.java,org.apache.zookeeper.ClientCnxn,"waitForPacketFinish/2[org.apache.zookeeper.ReplyHeader,org.apache.zookeeper.ClientCnxn.Packet]",remainingTime,3
C:\Users\syuuj\gitProject\zookeeper\zookeeper-server\src\main\java\org\apache\zookeeper\ClientCnxn.java,org.apache.zookeeper.ClientCnxn,conLossPacket/1[org.apache.zookeeper.ClientCnxn.Packet],p,5
C:\Users\syuuj\gitProject\zookeeper\zookeeper-server\src\main\java\org\apache\zookeeper\ClientCnxn.java,org.apache.zookeeper.ClientCnxn,toString/0,remote,1
C:\Users\syuuj\gitProject\zookeeper\zookeeper-server\src\main\java\org\apache\zookeeper\ClientCnxn.java,org.apache.zookeeper.ClientCnxn,toString/0,local,1
C:\Users\syuuj\gitProject\zookeeper\zookeeper-server\src\main\java\org\apache\zookeeper\ClientCnxn.java,org.apache.zookeeper.ClientCnxn,toString/0,sb,2
C:\Users\syuuj\gitProject\zookeeper\zookeeper-server\src\main\java\org\apache\zookeeper\ClientCnxn.java,org.apache.zookeeper.ClientCnxn,close/0,e,0
C:\Users\syuuj\gitProject\zookeeper\zookeeper-server\src\main\java\org\apache\zookeeper\ClientCnxn.java,org.apache.zookeeper.ClientCnxn,close/0,h,2
C:\Users\syuuj\gitProject\zookeeper\zookeeper-server\src\main\java\org\apache\zookeeper\ClientCnxn.java,org.apache.zookeeper.ClientCnxn,makeThreadName/1[java.lang.String],name,1
C:\Users\syuuj\gitProject\zookeeper\zookeeper-server\src\main\java\org\apache\zookeeper\ClientCnxn.java,org.apache.zookeeper.ClientCnxn,makeThreadName/1[java.lang.String],suffix,1
C:\Users\syuuj\gitProject\zookeeper\zookeeper-server\src\main\java\org\apache\zookeeper\ClientCnxn.java,org.apache.zookeeper.ClientCnxn,"queueEvent/4[java.lang.String,int,java.util.Set<org.apache.zookeeper.Watcher>,org.apache.zookeeper.EventType]",serverPath,1
C:\Users\syuuj\gitProject\zookeeper\zookeeper-server\src\main\java\org\apache\zookeeper\ClientCnxn.java,org.apache.zookeeper.ClientCnxn,"queueEvent/4[java.lang.String,int,java.util.Set<org.apache.zookeeper.Watcher>,org.apache.zookeeper.EventType]",err,2
C:\Users\syuuj\gitProject\zookeeper\zookeeper-server\src\main\java\org\apache\zookeeper\ClientCnxn.java,org.apache.zookeeper.ClientCnxn,"queueEvent/4[java.lang.String,int,java.util.Set<org.apache.zookeeper.Watcher>,org.apache.zookeeper.EventType]",sessionState,2
C:\Users\syuuj\gitProject\zookeeper\zookeeper-server\src\main\java\org\apache\zookeeper\ClientCnxn.java,org.apache.zookeeper.ClientCnxn,"queueEvent/4[java.lang.String,int,java.util.Set<org.apache.zookeeper.Watcher>,org.apache.zookeeper.EventType]",eventType,1
C:\Users\syuuj\gitProject\zookeeper\zookeeper-server\src\main\java\org\apache\zookeeper\ClientCnxn.java,org.apache.zookeeper.ClientCnxn,"queueEvent/4[java.lang.String,int,java.util.Set<org.apache.zookeeper.Watcher>,org.apache.zookeeper.EventType]",event,1
C:\Users\syuuj\gitProject\zookeeper\zookeeper-server\src\main\java\org\apache\zookeeper\ClientCnxn.java,org.apache.zookeeper.ClientCnxn,"queueEvent/4[java.lang.String,int,java.util.Set<org.apache.zookeeper.Watcher>,org.apache.zookeeper.EventType]",materializedWatchers,1
C:\Users\syuuj\gitProject\zookeeper\zookeeper-server\src\main\java\org\apache\zookeeper\ClientCnxn.java,org.apache.zookeeper.ClientCnxn,finishPacket/1[org.apache.zookeeper.ClientCnxn.Packet],p,15
C:\Users\syuuj\gitProject\zookeeper\zookeeper-server\src\main\java\org\apache\zookeeper\ClientCnxn.java,org.apache.zookeeper.ClientCnxn,finishPacket/1[org.apache.zookeeper.ClientCnxn.Packet],entry,2
C:\Users\syuuj\gitProject\zookeeper\zookeeper-server\src\main\java\org\apache\zookeeper\ClientCnxn.java,org.apache.zookeeper.ClientCnxn,finishPacket/1[org.apache.zookeeper.ClientCnxn.Packet],err,3
C:\Users\syuuj\gitProject\zookeeper\zookeeper-server\src\main\java\org\apache\zookeeper\ClientCnxn.java,org.apache.zookeeper.ClientCnxn,finishPacket/1[org.apache.zookeeper.ClientCnxn.Packet],watchers,2
C:\Users\syuuj\gitProject\zookeeper\zookeeper-server\src\main\java\org\apache\zookeeper\ClientCnxn.java,org.apache.zookeeper.ClientCnxn,finishPacket/1[org.apache.zookeeper.ClientCnxn.Packet],ke,1
C:\Users\syuuj\gitProject\zookeeper\zookeeper-server\src\main\java\org\apache\zookeeper\ClientCnxn.java,org.apache.zookeeper.ClientCnxn,finishPacket/1[org.apache.zookeeper.ClientCnxn.Packet],nwe,1
C:\Users\syuuj\gitProject\zookeeper\zookeeper-server\src\main\java\org\apache\zookeeper\ClientCnxn.java,org.apache.zookeeper.ClientCnxn,finishPacket/1[org.apache.zookeeper.ClientCnxn.Packet],materializedWatchers,2
C:\Users\syuuj\gitProject\zookeeper\zookeeper-server\src\main\java\org\apache\zookeeper\ClientCnxn.java,org.apache.zookeeper.ClientCnxn,"queuePacket/10[org.apache.zookeeper.RequestHeader,org.apache.zookeeper.ReplyHeader,java.lang.Record,java.lang.Record,org.apache.zookeeper.AsyncCallback,java.lang.String,java.lang.String,java.lang.Object,org.apache.zookeeper.WatchRegistration,org.apache.zookeeper.WatchDeregistration]",serverPath,2
C:\Users\syuuj\gitProject\zookeeper\zookeeper-server\src\main\java\org\apache\zookeeper\ClientCnxn.java,org.apache.zookeeper.ClientCnxn,"queuePacket/10[org.apache.zookeeper.RequestHeader,org.apache.zookeeper.ReplyHeader,java.lang.Record,java.lang.Record,org.apache.zookeeper.AsyncCallback,java.lang.String,java.lang.String,java.lang.Object,org.apache.zookeeper.WatchRegistration,org.apache.zookeeper.WatchDeregistration]",request,1
C:\Users\syuuj\gitProject\zookeeper\zookeeper-server\src\main\java\org\apache\zookeeper\ClientCnxn.java,org.apache.zookeeper.ClientCnxn,"queuePacket/10[org.apache.zookeeper.RequestHeader,org.apache.zookeeper.ReplyHeader,java.lang.Record,java.lang.Record,org.apache.zookeeper.AsyncCallback,java.lang.String,java.lang.String,java.lang.Object,org.apache.zookeeper.WatchRegistration,org.apache.zookeeper.WatchDeregistration]",r,1
C:\Users\syuuj\gitProject\zookeeper\zookeeper-server\src\main\java\org\apache\zookeeper\ClientCnxn.java,org.apache.zookeeper.ClientCnxn,"queuePacket/10[org.apache.zookeeper.RequestHeader,org.apache.zookeeper.ReplyHeader,java.lang.Record,java.lang.Record,org.apache.zookeeper.AsyncCallback,java.lang.String,java.lang.String,java.lang.Object,org.apache.zookeeper.WatchRegistration,org.apache.zookeeper.WatchDeregistration]",clientPath,2
C:\Users\syuuj\gitProject\zookeeper\zookeeper-server\src\main\java\org\apache\zookeeper\ClientCnxn.java,org.apache.zookeeper.ClientCnxn,"queuePacket/10[org.apache.zookeeper.RequestHeader,org.apache.zookeeper.ReplyHeader,java.lang.Record,java.lang.Record,org.apache.zookeeper.AsyncCallback,java.lang.String,java.lang.String,java.lang.Object,org.apache.zookeeper.WatchRegistration,org.apache.zookeeper.WatchDeregistration]",watchDeregistration,2
C:\Users\syuuj\gitProject\zookeeper\zookeeper-server\src\main\java\org\apache\zookeeper\ClientCnxn.java,org.apache.zookeeper.ClientCnxn,"queuePacket/10[org.apache.zookeeper.RequestHeader,org.apache.zookeeper.ReplyHeader,java.lang.Record,java.lang.Record,org.apache.zookeeper.AsyncCallback,java.lang.String,java.lang.String,java.lang.Object,org.apache.zookeeper.WatchRegistration,org.apache.zookeeper.WatchDeregistration]",response,1
C:\Users\syuuj\gitProject\zookeeper\zookeeper-server\src\main\java\org\apache\zookeeper\ClientCnxn.java,org.apache.zookeeper.ClientCnxn,"queuePacket/10[org.apache.zookeeper.RequestHeader,org.apache.zookeeper.ReplyHeader,java.lang.Record,java.lang.Record,org.apache.zookeeper.AsyncCallback,java.lang.String,java.lang.String,java.lang.Object,org.apache.zookeeper.WatchRegistration,org.apache.zookeeper.WatchDeregistration]",ctx,2
C:\Users\syuuj\gitProject\zookeeper\zookeeper-server\src\main\java\org\apache\zookeeper\ClientCnxn.java,org.apache.zookeeper.ClientCnxn,"queuePacket/10[org.apache.zookeeper.RequestHeader,org.apache.zookeeper.ReplyHeader,java.lang.Record,java.lang.Record,org.apache.zookeeper.AsyncCallback,java.lang.String,java.lang.String,java.lang.Object,org.apache.zookeeper.WatchRegistration,org.apache.zookeeper.WatchDeregistration]",h,2
C:\Users\syuuj\gitProject\zookeeper\zookeeper-server\src\main\java\org\apache\zookeeper\ClientCnxn.java,org.apache.zookeeper.ClientCnxn,"queuePacket/10[org.apache.zookeeper.RequestHeader,org.apache.zookeeper.ReplyHeader,java.lang.Record,java.lang.Record,org.apache.zookeeper.AsyncCallback,java.lang.String,java.lang.String,java.lang.Object,org.apache.zookeeper.WatchRegistration,org.apache.zookeeper.WatchDeregistration]",packet,9
C:\Users\syuuj\gitProject\zookeeper\zookeeper-server\src\main\java\org\apache\zookeeper\ClientCnxn.java,org.apache.zookeeper.ClientCnxn,"queuePacket/10[org.apache.zookeeper.RequestHeader,org.apache.zookeeper.ReplyHeader,java.lang.Record,java.lang.Record,org.apache.zookeeper.AsyncCallback,java.lang.String,java.lang.String,java.lang.Object,org.apache.zookeeper.WatchRegistration,org.apache.zookeeper.WatchDeregistration]",watchRegistration,1
C:\Users\syuuj\gitProject\zookeeper\zookeeper-server\src\main\java\org\apache\zookeeper\ClientCnxn.java,org.apache.zookeeper.ClientCnxn,"queuePacket/10[org.apache.zookeeper.RequestHeader,org.apache.zookeeper.ReplyHeader,java.lang.Record,java.lang.Record,org.apache.zookeeper.AsyncCallback,java.lang.String,java.lang.String,java.lang.Object,org.apache.zookeeper.WatchRegistration,org.apache.zookeeper.WatchDeregistration]",cb,2
C:\Users\syuuj\gitProject\zookeeper\zookeeper-server\src\main\java\org\apache\zookeeper\ClientCnxn.java,org.apache.zookeeper.ClientCnxn,"ClientCnxn/6[org.apache.zookeeper.HostProvider,int,org.apache.zookeeper.ZKClientConfig,org.apache.zookeeper.Watcher,org.apache.zookeeper.ClientCnxnSocket,boolean]",canBeReadOnly,1
C:\Users\syuuj\gitProject\zookeeper\zookeeper-server\src\main\java\org\apache\zookeeper\ClientCnxn.java,org.apache.zookeeper.ClientCnxn,"ClientCnxn/6[org.apache.zookeeper.HostProvider,int,org.apache.zookeeper.ZKClientConfig,org.apache.zookeeper.Watcher,org.apache.zookeeper.ClientCnxnSocket,boolean]",hostProvider,1
C:\Users\syuuj\gitProject\zookeeper\zookeeper-server\src\main\java\org\apache\zookeeper\ClientCnxn.java,org.apache.zookeeper.ClientCnxn,"ClientCnxn/6[org.apache.zookeeper.HostProvider,int,org.apache.zookeeper.ZKClientConfig,org.apache.zookeeper.Watcher,org.apache.zookeeper.ClientCnxnSocket,boolean]",sessionTimeout,1
C:\Users\syuuj\gitProject\zookeeper\zookeeper-server\src\main\java\org\apache\zookeeper\ClientCnxn.java,org.apache.zookeeper.ClientCnxn,"ClientCnxn/6[org.apache.zookeeper.HostProvider,int,org.apache.zookeeper.ZKClientConfig,org.apache.zookeeper.Watcher,org.apache.zookeeper.ClientCnxnSocket,boolean]",defaultWatcher,1
C:\Users\syuuj\gitProject\zookeeper\zookeeper-server\src\main\java\org\apache\zookeeper\ClientCnxn.java,org.apache.zookeeper.ClientCnxn,"ClientCnxn/6[org.apache.zookeeper.HostProvider,int,org.apache.zookeeper.ZKClientConfig,org.apache.zookeeper.Watcher,org.apache.zookeeper.ClientCnxnSocket,boolean]",clientConfig,1
C:\Users\syuuj\gitProject\zookeeper\zookeeper-server\src\main\java\org\apache\zookeeper\ClientCnxn.java,org.apache.zookeeper.ClientCnxn,"ClientCnxn/6[org.apache.zookeeper.HostProvider,int,org.apache.zookeeper.ZKClientConfig,org.apache.zookeeper.Watcher,org.apache.zookeeper.ClientCnxnSocket,boolean]",clientCnxnSocket,1
C:\Users\syuuj\gitProject\zookeeper\zookeeper-server\src\main\java\org\apache\zookeeper\ClientCnxn.java,org.apache.zookeeper.ClientCnxn,onConnecting/1[java.net.InetSocketAddress],addr,0
C:\Users\syuuj\gitProject\zookeeper\zookeeper-server\src\main\java\org\apache\zookeeper\ClientCnxn.java,org.apache.zookeeper.ClientCnxn,"submitRequest/4[org.apache.zookeeper.RequestHeader,java.lang.Record,java.lang.Record,org.apache.zookeeper.WatchRegistration]",request,1
C:\Users\syuuj\gitProject\zookeeper\zookeeper-server\src\main\java\org\apache\zookeeper\ClientCnxn.java,org.apache.zookeeper.ClientCnxn,"submitRequest/4[org.apache.zookeeper.RequestHeader,java.lang.Record,java.lang.Record,org.apache.zookeeper.WatchRegistration]",response,1
C:\Users\syuuj\gitProject\zookeeper\zookeeper-server\src\main\java\org\apache\zookeeper\ClientCnxn.java,org.apache.zookeeper.ClientCnxn,"submitRequest/4[org.apache.zookeeper.RequestHeader,java.lang.Record,java.lang.Record,org.apache.zookeeper.WatchRegistration]",h,1
C:\Users\syuuj\gitProject\zookeeper\zookeeper-server\src\main\java\org\apache\zookeeper\ClientCnxn.java,org.apache.zookeeper.ClientCnxn,"submitRequest/4[org.apache.zookeeper.RequestHeader,java.lang.Record,java.lang.Record,org.apache.zookeeper.WatchRegistration]",watchRegistration,1
C:\Users\syuuj\gitProject\zookeeper\zookeeper-server\src\main\java\org\apache\zookeeper\ClientCnxn.java,org.apache.zookeeper.ClientCnxn$WatcherSetEventPair,"WatcherSetEventPair/2[java.util.Set<org.apache.zookeeper.Watcher>,org.apache.zookeeper.WatchedEvent]",watchers,2
C:\Users\syuuj\gitProject\zookeeper\zookeeper-server\src\main\java\org\apache\zookeeper\ClientCnxn.java,org.apache.zookeeper.ClientCnxn$WatcherSetEventPair,"WatcherSetEventPair/2[java.util.Set<org.apache.zookeeper.Watcher>,org.apache.zookeeper.WatchedEvent]",event,2
C:\Users\syuuj\gitProject\zookeeper\zookeeper-server\src\main\java\org\apache\zookeeper\ClientCnxn.java,org.apache.zookeeper.ClientCnxn$AuthData,"AuthData/2[java.lang.String,byte[]]",scheme,2
C:\Users\syuuj\gitProject\zookeeper\zookeeper-server\src\main\java\org\apache\zookeeper\ClientCnxn.java,org.apache.zookeeper.ClientCnxn$AuthData,"AuthData/2[java.lang.String,byte[]]",data,2
C:\Users\syuuj\gitProject\zookeeper\zookeeper-server\src\main\java\org\apache\zookeeper\ClientCnxn.java,org.apache.zookeeper.ClientCnxn$SessionExpiredException,SessionExpiredException/1[java.lang.String],msg,1
C:\Users\syuuj\gitProject\zookeeper\zookeeper-server\src\main\java\org\apache\zookeeper\ClientCnxn.java,org.apache.zookeeper.ClientCnxn$EndOfStreamException,EndOfStreamException/1[java.lang.String],msg,1
C:\Users\syuuj\gitProject\zookeeper\zookeeper-server\src\main\java\org\apache\zookeeper\ClientCnxn.java,org.apache.zookeeper.ClientCnxn$Packet,createBB/0,boa,4
C:\Users\syuuj\gitProject\zookeeper\zookeeper-server\src\main\java\org\apache\zookeeper\ClientCnxn.java,org.apache.zookeeper.ClientCnxn$Packet,createBB/0,e,1
C:\Users\syuuj\gitProject\zookeeper\zookeeper-server\src\main\java\org\apache\zookeeper\ClientCnxn.java,org.apache.zookeeper.ClientCnxn$Packet,createBB/0,baos,3
C:\Users\syuuj\gitProject\zookeeper\zookeeper-server\src\main\java\org\apache\zookeeper\ClientCnxn.java,org.apache.zookeeper.ClientCnxn$Packet,toString/0,sb,8
C:\Users\syuuj\gitProject\zookeeper\zookeeper-server\src\main\java\org\apache\zookeeper\ClientCnxn.java,org.apache.zookeeper.ClientCnxn$Packet,"Packet/5[org.apache.zookeeper.RequestHeader,org.apache.zookeeper.ReplyHeader,java.lang.Record,java.lang.Record,org.apache.zookeeper.WatchRegistration]",request,2
C:\Users\syuuj\gitProject\zookeeper\zookeeper-server\src\main\java\org\apache\zookeeper\ClientCnxn.java,org.apache.zookeeper.ClientCnxn$Packet,"Packet/5[org.apache.zookeeper.RequestHeader,org.apache.zookeeper.ReplyHeader,java.lang.Record,java.lang.Record,org.apache.zookeeper.WatchRegistration]",response,2
C:\Users\syuuj\gitProject\zookeeper\zookeeper-server\src\main\java\org\apache\zookeeper\ClientCnxn.java,org.apache.zookeeper.ClientCnxn$Packet,"Packet/5[org.apache.zookeeper.RequestHeader,org.apache.zookeeper.ReplyHeader,java.lang.Record,java.lang.Record,org.apache.zookeeper.WatchRegistration]",requestHeader,2
C:\Users\syuuj\gitProject\zookeeper\zookeeper-server\src\main\java\org\apache\zookeeper\ClientCnxn.java,org.apache.zookeeper.ClientCnxn$Packet,"Packet/5[org.apache.zookeeper.RequestHeader,org.apache.zookeeper.ReplyHeader,java.lang.Record,java.lang.Record,org.apache.zookeeper.WatchRegistration]",replyHeader,2
C:\Users\syuuj\gitProject\zookeeper\zookeeper-server\src\main\java\org\apache\zookeeper\ClientCnxn.java,org.apache.zookeeper.ClientCnxn$Packet,"Packet/5[org.apache.zookeeper.RequestHeader,org.apache.zookeeper.ReplyHeader,java.lang.Record,java.lang.Record,org.apache.zookeeper.WatchRegistration]",watchRegistration,2
C:\Users\syuuj\gitProject\zookeeper\zookeeper-server\src\main\java\org\apache\zookeeper\ClientCnxn.java,org.apache.zookeeper.ClientCnxn$SendThread,changeZkState/1[ZooKeeper.States],newState,2
C:\Users\syuuj\gitProject\zookeeper\zookeeper-server\src\main\java\org\apache\zookeeper\ClientCnxn.java,org.apache.zookeeper.ClientCnxn$SendThread,cleanup/0,p,3
C:\Users\syuuj\gitProject\zookeeper\zookeeper-server\src\main\java\org\apache\zookeeper\ClientCnxn.java,org.apache.zookeeper.ClientCnxn$SendThread,cleanup/0,iter,3
C:\Users\syuuj\gitProject\zookeeper\zookeeper-server\src\main\java\org\apache\zookeeper\ClientCnxn.java,org.apache.zookeeper.ClientCnxn$SendThread,SendThread/1[org.apache.zookeeper.ClientCnxnSocket],clientCnxnSocket,2
C:\Users\syuuj\gitProject\zookeeper\zookeeper-server\src\main\java\org\apache\zookeeper\ClientCnxn.java,org.apache.zookeeper.ClientCnxn$SendThread,readResponse/1[java.nio.ByteBuffer],request,2
C:\Users\syuuj\gitProject\zookeeper\zookeeper-server\src\main\java\org\apache\zookeeper\ClientCnxn.java,org.apache.zookeeper.ClientCnxn$SendThread,readResponse/1[java.nio.ByteBuffer],bbis,1
C:\Users\syuuj\gitProject\zookeeper\zookeeper-server\src\main\java\org\apache\zookeeper\ClientCnxn.java,org.apache.zookeeper.ClientCnxn$SendThread,readResponse/1[java.nio.ByteBuffer],bbia,4
C:\Users\syuuj\gitProject\zookeeper\zookeeper-server\src\main\java\org\apache\zookeeper\ClientCnxn.java,org.apache.zookeeper.ClientCnxn$SendThread,readResponse/1[java.nio.ByteBuffer],replyHdr,14
C:\Users\syuuj\gitProject\zookeeper\zookeeper-server\src\main\java\org\apache\zookeeper\ClientCnxn.java,org.apache.zookeeper.ClientCnxn$SendThread,readResponse/1[java.nio.ByteBuffer],event,2
C:\Users\syuuj\gitProject\zookeeper\zookeeper-server\src\main\java\org\apache\zookeeper\ClientCnxn.java,org.apache.zookeeper.ClientCnxn$SendThread,readResponse/1[java.nio.ByteBuffer],packet,12
C:\Users\syuuj\gitProject\zookeeper\zookeeper-server\src\main\java\org\apache\zookeeper\ClientCnxn.java,org.apache.zookeeper.ClientCnxn$SendThread,readResponse/1[java.nio.ByteBuffer],incomingBuffer,1
C:\Users\syuuj\gitProject\zookeeper\zookeeper-server\src\main\java\org\apache\zookeeper\ClientCnxn.java,org.apache.zookeeper.ClientCnxn$SendThread,readResponse/1[java.nio.ByteBuffer],we,2
C:\Users\syuuj\gitProject\zookeeper\zookeeper-server\src\main\java\org\apache\zookeeper\ClientCnxn.java,org.apache.zookeeper.ClientCnxn$SendThread,sendPacket/1[org.apache.zookeeper.ClientCnxn.Packet],p,1
C:\Users\syuuj\gitProject\zookeeper\zookeeper-server\src\main\java\org\apache\zookeeper\ClientCnxn.java,org.apache.zookeeper.ClientCnxn$SendThread,logStartConnect/1[java.net.InetSocketAddress],addr,1
C:\Users\syuuj\gitProject\zookeeper\zookeeper-server\src\main\java\org\apache\zookeeper\ClientCnxn.java,org.apache.zookeeper.ClientCnxn$SendThread,pingRwServer/0,result,2
C:\Users\syuuj\gitProject\zookeeper\zookeeper-server\src\main\java\org\apache\zookeeper\ClientCnxn.java,org.apache.zookeeper.ClientCnxn$SendThread,pingRwServer/0,e,2
C:\Users\syuuj\gitProject\zookeeper\zookeeper-server\src\main\java\org\apache\zookeeper\ClientCnxn.java,org.apache.zookeeper.ClientCnxn$SendThread,pingRwServer/0,addr,6
C:\Users\syuuj\gitProject\zookeeper\zookeeper-server\src\main\java\org\apache\zookeeper\ClientCnxn.java,org.apache.zookeeper.ClientCnxn$SendThread,primeConnection/0,dataWatchesIter,3
C:\Users\syuuj\gitProject\zookeeper\zookeeper-server\src\main\java\org\apache\zookeeper\ClientCnxn.java,org.apache.zookeeper.ClientCnxn$SendThread,primeConnection/0,conReq,1
C:\Users\syuuj\gitProject\zookeeper\zookeeper-server\src\main\java\org\apache\zookeeper\ClientCnxn.java,org.apache.zookeeper.ClientCnxn$SendThread,primeConnection/0,existWatches,2
C:\Users\syuuj\gitProject\zookeeper\zookeeper-server\src\main\java\org\apache\zookeeper\ClientCnxn.java,org.apache.zookeeper.ClientCnxn$SendThread,primeConnection/0,persistentWatchesIter,3
C:\Users\syuuj\gitProject\zookeeper\zookeeper-server\src\main\java\org\apache\zookeeper\ClientCnxn.java,org.apache.zookeeper.ClientCnxn$SendThread,primeConnection/0,existWatchesIter,3
C:\Users\syuuj\gitProject\zookeeper\zookeeper-server\src\main\java\org\apache\zookeeper\ClientCnxn.java,org.apache.zookeeper.ClientCnxn$SendThread,primeConnection/0,opcode,3
C:\Users\syuuj\gitProject\zookeeper\zookeeper-server\src\main\java\org\apache\zookeeper\ClientCnxn.java,org.apache.zookeeper.ClientCnxn$SendThread,primeConnection/0,existWatchesBatch,3
C:\Users\syuuj\gitProject\zookeeper\zookeeper-server\src\main\java\org\apache\zookeeper\ClientCnxn.java,org.apache.zookeeper.ClientCnxn$SendThread,primeConnection/0,childWatchesIter,3
C:\Users\syuuj\gitProject\zookeeper\zookeeper-server\src\main\java\org\apache\zookeeper\ClientCnxn.java,org.apache.zookeeper.ClientCnxn$SendThread,primeConnection/0,record,3
C:\Users\syuuj\gitProject\zookeeper\zookeeper-server\src\main\java\org\apache\zookeeper\ClientCnxn.java,org.apache.zookeeper.ClientCnxn$SendThread,primeConnection/0,persistentRecursiveWatchesIter,3
C:\Users\syuuj\gitProject\zookeeper\zookeeper-server\src\main\java\org\apache\zookeeper\ClientCnxn.java,org.apache.zookeeper.ClientCnxn$SendThread,primeConnection/0,id,2
C:\Users\syuuj\gitProject\zookeeper\zookeeper-server\src\main\java\org\apache\zookeeper\ClientCnxn.java,org.apache.zookeeper.ClientCnxn$SendThread,primeConnection/0,dataWatches,2
C:\Users\syuuj\gitProject\zookeeper\zookeeper-server\src\main\java\org\apache\zookeeper\ClientCnxn.java,org.apache.zookeeper.ClientCnxn$SendThread,primeConnection/0,persistentRecursiveWatches,2
C:\Users\syuuj\gitProject\zookeeper\zookeeper-server\src\main\java\org\apache\zookeeper\ClientCnxn.java,org.apache.zookeeper.ClientCnxn$SendThread,primeConnection/0,dataWatchesBatch,3
C:\Users\syuuj\gitProject\zookeeper\zookeeper-server\src\main\java\org\apache\zookeeper\ClientCnxn.java,org.apache.zookeeper.ClientCnxn$SendThread,primeConnection/0,persistentRecursiveWatchesBatch,3
C:\Users\syuuj\gitProject\zookeeper\zookeeper-server\src\main\java\org\apache\zookeeper\ClientCnxn.java,org.apache.zookeeper.ClientCnxn$SendThread,primeConnection/0,childWatches,2
C:\Users\syuuj\gitProject\zookeeper\zookeeper-server\src\main\java\org\apache\zookeeper\ClientCnxn.java,org.apache.zookeeper.ClientCnxn$SendThread,primeConnection/0,persistentWatchesBatch,3
C:\Users\syuuj\gitProject\zookeeper\zookeeper-server\src\main\java\org\apache\zookeeper\ClientCnxn.java,org.apache.zookeeper.ClientCnxn$SendThread,primeConnection/0,childWatchesBatch,3
C:\Users\syuuj\gitProject\zookeeper\zookeeper-server\src\main\java\org\apache\zookeeper\ClientCnxn.java,org.apache.zookeeper.ClientCnxn$SendThread,primeConnection/0,packet,1
C:\Users\syuuj\gitProject\zookeeper\zookeeper-server\src\main\java\org\apache\zookeeper\ClientCnxn.java,org.apache.zookeeper.ClientCnxn$SendThread,primeConnection/0,sessId,1
C:\Users\syuuj\gitProject\zookeeper\zookeeper-server\src\main\java\org\apache\zookeeper\ClientCnxn.java,org.apache.zookeeper.ClientCnxn$SendThread,primeConnection/0,batchLength,2
C:\Users\syuuj\gitProject\zookeeper\zookeeper-server\src\main\java\org\apache\zookeeper\ClientCnxn.java,org.apache.zookeeper.ClientCnxn$SendThread,primeConnection/0,watch,11
C:\Users\syuuj\gitProject\zookeeper\zookeeper-server\src\main\java\org\apache\zookeeper\ClientCnxn.java,org.apache.zookeeper.ClientCnxn$SendThread,primeConnection/0,setWatchesLastZxid,2
C:\Users\syuuj\gitProject\zookeeper\zookeeper-server\src\main\java\org\apache\zookeeper\ClientCnxn.java,org.apache.zookeeper.ClientCnxn$SendThread,primeConnection/0,persistentWatches,2
C:\Users\syuuj\gitProject\zookeeper\zookeeper-server\src\main\java\org\apache\zookeeper\ClientCnxn.java,org.apache.zookeeper.ClientCnxn$SendThread,primeConnection/0,header,1
C:\Users\syuuj\gitProject\zookeeper\zookeeper-server\src\main\java\org\apache\zookeeper\ClientCnxn.java,org.apache.zookeeper.ClientCnxn$SendThread,startConnect/1[java.net.InetSocketAddress],e,3
C:\Users\syuuj\gitProject\zookeeper\zookeeper-server\src\main\java\org\apache\zookeeper\ClientCnxn.java,org.apache.zookeeper.ClientCnxn$SendThread,startConnect/1[java.net.InetSocketAddress],hostPort,2
C:\Users\syuuj\gitProject\zookeeper\zookeeper-server\src\main\java\org\apache\zookeeper\ClientCnxn.java,org.apache.zookeeper.ClientCnxn$SendThread,startConnect/1[java.net.InetSocketAddress],addr,5
C:\Users\syuuj\gitProject\zookeeper\zookeeper-server\src\main\java\org\apache\zookeeper\ClientCnxn.java,org.apache.zookeeper.ClientCnxn$SendThread,run/0,authState,4
C:\Users\syuuj\gitProject\zookeeper\zookeeper-server\src\main\java\org\apache\zookeeper\ClientCnxn.java,org.apache.zookeeper.ClientCnxn$SendThread,run/0,e,4
C:\Users\syuuj\gitProject\zookeeper\zookeeper-server\src\main\java\org\apache\zookeeper\ClientCnxn.java,org.apache.zookeeper.ClientCnxn$SendThread,run/0,serverAddress,5
C:\Users\syuuj\gitProject\zookeeper\zookeeper-server\src\main\java\org\apache\zookeeper\ClientCnxn.java,org.apache.zookeeper.ClientCnxn$SendThread,run/0,MAX_SEND_PING_INTERVAL,1
C:\Users\syuuj\gitProject\zookeeper\zookeeper-server\src\main\java\org\apache\zookeeper\ClientCnxn.java,org.apache.zookeeper.ClientCnxn$SendThread,run/0,l,2
C:\Users\syuuj\gitProject\zookeeper\zookeeper-server\src\main\java\org\apache\zookeeper\ClientCnxn.java,org.apache.zookeeper.ClientCnxn$SendThread,run/0,idlePingRwServer,3
C:\Users\syuuj\gitProject\zookeeper\zookeeper-server\src\main\java\org\apache\zookeeper\ClientCnxn.java,org.apache.zookeeper.ClientCnxn$SendThread,run/0,lastPingRwServer,2
C:\Users\syuuj\gitProject\zookeeper\zookeeper-server\src\main\java\org\apache\zookeeper\ClientCnxn.java,org.apache.zookeeper.ClientCnxn$SendThread,run/0,timeToNextPing,3
C:\Users\syuuj\gitProject\zookeeper\zookeeper-server\src\main\java\org\apache\zookeeper\ClientCnxn.java,org.apache.zookeeper.ClientCnxn$SendThread,run/0,sendAuthEvent,4
C:\Users\syuuj\gitProject\zookeeper\zookeeper-server\src\main\java\org\apache\zookeeper\ClientCnxn.java,org.apache.zookeeper.ClientCnxn$SendThread,run/0,warnInfo,4
C:\Users\syuuj\gitProject\zookeeper\zookeeper-server\src\main\java\org\apache\zookeeper\ClientCnxn.java,org.apache.zookeeper.ClientCnxn$SendThread,run/0,now,2
C:\Users\syuuj\gitProject\zookeeper\zookeeper-server\src\main\java\org\apache\zookeeper\ClientCnxn.java,org.apache.zookeeper.ClientCnxn$SendThread,run/0,expiration,1
C:\Users\syuuj\gitProject\zookeeper\zookeeper-server\src\main\java\org\apache\zookeeper\ClientCnxn.java,org.apache.zookeeper.ClientCnxn$SendThread,run/0,to,8
C:\Users\syuuj\gitProject\zookeeper\zookeeper-server\src\main\java\org\apache\zookeeper\ClientCnxn.java,org.apache.zookeeper.ClientCnxn$SendThread,abortConnection/0,e,1
C:\Users\syuuj\gitProject\zookeeper\zookeeper-server\src\main\java\org\apache\zookeeper\ClientCnxn.java,org.apache.zookeeper.ClientCnxn$SendThread,close/0,e,0
C:\Users\syuuj\gitProject\zookeeper\zookeeper-server\src\main\java\org\apache\zookeeper\ClientCnxn.java,org.apache.zookeeper.ClientCnxn$SendThread,"onConnected/4[int,long,byte[],boolean]",warnInfo,2
C:\Users\syuuj\gitProject\zookeeper\zookeeper-server\src\main\java\org\apache\zookeeper\ClientCnxn.java,org.apache.zookeeper.ClientCnxn$SendThread,"onConnected/4[int,long,byte[],boolean]",eventState,1
C:\Users\syuuj\gitProject\zookeeper\zookeeper-server\src\main\java\org\apache\zookeeper\ClientCnxn.java,org.apache.zookeeper.ClientCnxn$SendThread,"onConnected/4[int,long,byte[],boolean]",isRO,5
C:\Users\syuuj\gitProject\zookeeper\zookeeper-server\src\main\java\org\apache\zookeeper\ClientCnxn.java,org.apache.zookeeper.ClientCnxn$SendThread,"onConnected/4[int,long,byte[],boolean]",_sessionId,1
C:\Users\syuuj\gitProject\zookeeper\zookeeper-server\src\main\java\org\apache\zookeeper\ClientCnxn.java,org.apache.zookeeper.ClientCnxn$SendThread,"onConnected/4[int,long,byte[],boolean]",_sessionPasswd,1
C:\Users\syuuj\gitProject\zookeeper\zookeeper-server\src\main\java\org\apache\zookeeper\ClientCnxn.java,org.apache.zookeeper.ClientCnxn$SendThread,"onConnected/4[int,long,byte[],boolean]",_negotiatedSessionTimeout,1
C:\Users\syuuj\gitProject\zookeeper\zookeeper-server\src\main\java\org\apache\zookeeper\ClientCnxn.java,org.apache.zookeeper.ClientCnxn$SendThread,sendPing/0,h,1
C:\Users\syuuj\gitProject\zookeeper\zookeeper-server\src\main\java\org\apache\zookeeper\ClientCnxn.java,org.apache.zookeeper.ClientCnxn$RWServerFoundException,RWServerFoundException/1[java.lang.String],msg,1
C:\Users\syuuj\gitProject\zookeeper\zookeeper-server\src\main\java\org\apache\zookeeper\ClientCnxn.java,org.apache.zookeeper.ClientCnxn$LocalCallback,"LocalCallback/4[org.apache.zookeeper.AsyncCallback,int,java.lang.String,java.lang.Object]",rc,2
C:\Users\syuuj\gitProject\zookeeper\zookeeper-server\src\main\java\org\apache\zookeeper\ClientCnxn.java,org.apache.zookeeper.ClientCnxn$LocalCallback,"LocalCallback/4[org.apache.zookeeper.AsyncCallback,int,java.lang.String,java.lang.Object]",path,2
C:\Users\syuuj\gitProject\zookeeper\zookeeper-server\src\main\java\org\apache\zookeeper\ClientCnxn.java,org.apache.zookeeper.ClientCnxn$LocalCallback,"LocalCallback/4[org.apache.zookeeper.AsyncCallback,int,java.lang.String,java.lang.Object]",ctx,2
C:\Users\syuuj\gitProject\zookeeper\zookeeper-server\src\main\java\org\apache\zookeeper\ClientCnxn.java,org.apache.zookeeper.ClientCnxn$LocalCallback,"LocalCallback/4[org.apache.zookeeper.AsyncCallback,int,java.lang.String,java.lang.Object]",cb,2
C:\Users\syuuj\gitProject\zookeeper\zookeeper-server\src\main\java\org\apache\zookeeper\ClientCnxnSocketNIO.java,org.apache.zookeeper.ClientCnxnSocketNIO,"doIO/2[java.util.Queue<org.apache.zookeeper.Packet>,org.apache.zookeeper.ClientCnxn]",p,16
C:\Users\syuuj\gitProject\zookeeper\zookeeper-server\src\main\java\org\apache\zookeeper\ClientCnxnSocketNIO.java,org.apache.zookeeper.ClientCnxnSocketNIO,"doIO/2[java.util.Queue<org.apache.zookeeper.Packet>,org.apache.zookeeper.ClientCnxn]",sock,3
C:\Users\syuuj\gitProject\zookeeper\zookeeper-server\src\main\java\org\apache\zookeeper\ClientCnxnSocketNIO.java,org.apache.zookeeper.ClientCnxnSocketNIO,"doIO/2[java.util.Queue<org.apache.zookeeper.Packet>,org.apache.zookeeper.ClientCnxn]",rc,1
C:\Users\syuuj\gitProject\zookeeper\zookeeper-server\src\main\java\org\apache\zookeeper\ClientCnxnSocketNIO.java,org.apache.zookeeper.ClientCnxnSocketNIO,"doIO/2[java.util.Queue<org.apache.zookeeper.Packet>,org.apache.zookeeper.ClientCnxn]",pendingQueue,2
C:\Users\syuuj\gitProject\zookeeper\zookeeper-server\src\main\java\org\apache\zookeeper\ClientCnxnSocketNIO.java,org.apache.zookeeper.ClientCnxnSocketNIO,"doIO/2[java.util.Queue<org.apache.zookeeper.Packet>,org.apache.zookeeper.ClientCnxn]",cnxn,1
C:\Users\syuuj\gitProject\zookeeper\zookeeper-server\src\main\java\org\apache\zookeeper\ClientCnxnSocketNIO.java,org.apache.zookeeper.ClientCnxnSocketNIO,connect/1[java.net.InetSocketAddress],sock,2
C:\Users\syuuj\gitProject\zookeeper\zookeeper-server\src\main\java\org\apache\zookeeper\ClientCnxnSocketNIO.java,org.apache.zookeeper.ClientCnxnSocketNIO,connect/1[java.net.InetSocketAddress],e,1
C:\Users\syuuj\gitProject\zookeeper\zookeeper-server\src\main\java\org\apache\zookeeper\ClientCnxnSocketNIO.java,org.apache.zookeeper.ClientCnxnSocketNIO,connect/1[java.net.InetSocketAddress],addr,2
C:\Users\syuuj\gitProject\zookeeper\zookeeper-server\src\main\java\org\apache\zookeeper\ClientCnxnSocketNIO.java,org.apache.zookeeper.ClientCnxnSocketNIO,cleanup/0,sock,4
C:\Users\syuuj\gitProject\zookeeper\zookeeper-server\src\main\java\org\apache\zookeeper\ClientCnxnSocketNIO.java,org.apache.zookeeper.ClientCnxnSocketNIO,cleanup/0,e,10
C:\Users\syuuj\gitProject\zookeeper\zookeeper-server\src\main\java\org\apache\zookeeper\ClientCnxnSocketNIO.java,org.apache.zookeeper.ClientCnxnSocketNIO,updateSocketAddresses/0,socket,3
C:\Users\syuuj\gitProject\zookeeper\zookeeper-server\src\main\java\org\apache\zookeeper\ClientCnxnSocketNIO.java,org.apache.zookeeper.ClientCnxnSocketNIO,enableWrite/0,i,2
C:\Users\syuuj\gitProject\zookeeper\zookeeper-server\src\main\java\org\apache\zookeeper\ClientCnxnSocketNIO.java,org.apache.zookeeper.ClientCnxnSocketNIO,enableRead/0,i,2
C:\Users\syuuj\gitProject\zookeeper\zookeeper-server\src\main\java\org\apache\zookeeper\ClientCnxnSocketNIO.java,org.apache.zookeeper.ClientCnxnSocketNIO,"registerAndConnect/2[java.nio.channels.SocketChannel,java.net.InetSocketAddress]",sock,2
C:\Users\syuuj\gitProject\zookeeper\zookeeper-server\src\main\java\org\apache\zookeeper\ClientCnxnSocketNIO.java,org.apache.zookeeper.ClientCnxnSocketNIO,"registerAndConnect/2[java.nio.channels.SocketChannel,java.net.InetSocketAddress]",immediateConnect,1
C:\Users\syuuj\gitProject\zookeeper\zookeeper-server\src\main\java\org\apache\zookeeper\ClientCnxnSocketNIO.java,org.apache.zookeeper.ClientCnxnSocketNIO,"registerAndConnect/2[java.nio.channels.SocketChannel,java.net.InetSocketAddress]",addr,1
C:\Users\syuuj\gitProject\zookeeper\zookeeper-server\src\main\java\org\apache\zookeeper\ClientCnxnSocketNIO.java,org.apache.zookeeper.ClientCnxnSocketNIO,close/0,e,1
C:\Users\syuuj\gitProject\zookeeper\zookeeper-server\src\main\java\org\apache\zookeeper\ClientCnxnSocketNIO.java,org.apache.zookeeper.ClientCnxnSocketNIO,ClientCnxnSocketNIO/1[org.apache.zookeeper.ZKClientConfig],clientConfig,2
C:\Users\syuuj\gitProject\zookeeper\zookeeper-server\src\main\java\org\apache\zookeeper\ClientCnxnSocketNIO.java,org.apache.zookeeper.ClientCnxnSocketNIO,testableCloseSocket/0,tmp,2
C:\Users\syuuj\gitProject\zookeeper\zookeeper-server\src\main\java\org\apache\zookeeper\ClientCnxnSocketNIO.java,org.apache.zookeeper.ClientCnxnSocketNIO,sendPacket/1[org.apache.zookeeper.Packet],p,2
C:\Users\syuuj\gitProject\zookeeper\zookeeper-server\src\main\java\org\apache\zookeeper\ClientCnxnSocketNIO.java,org.apache.zookeeper.ClientCnxnSocketNIO,sendPacket/1[org.apache.zookeeper.Packet],sock,2
C:\Users\syuuj\gitProject\zookeeper\zookeeper-server\src\main\java\org\apache\zookeeper\ClientCnxnSocketNIO.java,org.apache.zookeeper.ClientCnxnSocketNIO,sendPacket/1[org.apache.zookeeper.Packet],pbb,1
C:\Users\syuuj\gitProject\zookeeper\zookeeper-server\src\main\java\org\apache\zookeeper\ClientCnxnSocketNIO.java,org.apache.zookeeper.ClientCnxnSocketNIO,"doTransport/3[int,java.util.Queue<org.apache.zookeeper.Packet>,org.apache.zookeeper.ClientCnxn]",sc,1
C:\Users\syuuj\gitProject\zookeeper\zookeeper-server\src\main\java\org\apache\zookeeper\ClientCnxnSocketNIO.java,org.apache.zookeeper.ClientCnxnSocketNIO,"doTransport/3[int,java.util.Queue<org.apache.zookeeper.Packet>,org.apache.zookeeper.ClientCnxn]",waitTimeOut,1
C:\Users\syuuj\gitProject\zookeeper\zookeeper-server\src\main\java\org\apache\zookeeper\ClientCnxnSocketNIO.java,org.apache.zookeeper.ClientCnxnSocketNIO,"doTransport/3[int,java.util.Queue<org.apache.zookeeper.Packet>,org.apache.zookeeper.ClientCnxn]",k,4
C:\Users\syuuj\gitProject\zookeeper\zookeeper-server\src\main\java\org\apache\zookeeper\ClientCnxnSocketNIO.java,org.apache.zookeeper.ClientCnxnSocketNIO,"doTransport/3[int,java.util.Queue<org.apache.zookeeper.Packet>,org.apache.zookeeper.ClientCnxn]",selected,3
C:\Users\syuuj\gitProject\zookeeper\zookeeper-server\src\main\java\org\apache\zookeeper\ClientCnxnSocketNIO.java,org.apache.zookeeper.ClientCnxnSocketNIO,"doTransport/3[int,java.util.Queue<org.apache.zookeeper.Packet>,org.apache.zookeeper.ClientCnxn]",pendingQueue,1
C:\Users\syuuj\gitProject\zookeeper\zookeeper-server\src\main\java\org\apache\zookeeper\ClientCnxnSocketNIO.java,org.apache.zookeeper.ClientCnxnSocketNIO,"doTransport/3[int,java.util.Queue<org.apache.zookeeper.Packet>,org.apache.zookeeper.ClientCnxn]",cnxn,1
C:\Users\syuuj\gitProject\zookeeper\zookeeper-server\src\main\java\org\apache\zookeeper\ClientCnxnSocketNIO.java,org.apache.zookeeper.ClientCnxnSocketNIO,createSock/0,sock,5
C:\Users\syuuj\gitProject\zookeeper\zookeeper-server\src\main\java\org\apache\zookeeper\ClientCnxnSocketNIO.java,org.apache.zookeeper.ClientCnxnSocketNIO,disableWrite/0,i,2
C:\Users\syuuj\gitProject\zookeeper\zookeeper-server\src\main\java\org\apache\zookeeper\ClientCnxnSocketNIO.java,org.apache.zookeeper.ClientCnxnSocketNIO,"findSendablePacket/2[java.util.concurrent.LinkedBlockingDeque<org.apache.zookeeper.Packet>,boolean]",p,4
C:\Users\syuuj\gitProject\zookeeper\zookeeper-server\src\main\java\org\apache\zookeeper\ClientCnxnSocketNIO.java,org.apache.zookeeper.ClientCnxnSocketNIO,"findSendablePacket/2[java.util.concurrent.LinkedBlockingDeque<org.apache.zookeeper.Packet>,boolean]",outgoingQueue,5
C:\Users\syuuj\gitProject\zookeeper\zookeeper-server\src\main\java\org\apache\zookeeper\ClientCnxnSocketNIO.java,org.apache.zookeeper.ClientCnxnSocketNIO,"findSendablePacket/2[java.util.concurrent.LinkedBlockingDeque<org.apache.zookeeper.Packet>,boolean]",iter,3
C:\Users\syuuj\gitProject\zookeeper\zookeeper-server\src\main\java\org\apache\zookeeper\ClientCnxnSocketNIO.java,org.apache.zookeeper.ClientCnxnSocketNIO,"findSendablePacket/2[java.util.concurrent.LinkedBlockingDeque<org.apache.zookeeper.Packet>,boolean]",tunneledAuthInProgress,1
C:\Users\syuuj\gitProject\zookeeper\zookeeper-server\src\main\java\org\apache\zookeeper\ClientCnxn.java,org.apache.zookeeper.ClientCnxn$EventThread,"queueEvent/2[org.apache.zookeeper.WatchedEvent,java.util.Set<org.apache.zookeeper.Watcher>]",watchers,3
C:\Users\syuuj\gitProject\zookeeper\zookeeper-server\src\main\java\org\apache\zookeeper\ClientCnxn.java,org.apache.zookeeper.ClientCnxn$EventThread,"queueEvent/2[org.apache.zookeeper.WatchedEvent,java.util.Set<org.apache.zookeeper.Watcher>]",event,7
C:\Users\syuuj\gitProject\zookeeper\zookeeper-server\src\main\java\org\apache\zookeeper\ClientCnxn.java,org.apache.zookeeper.ClientCnxn$EventThread,"queueEvent/2[org.apache.zookeeper.WatchedEvent,java.util.Set<org.apache.zookeeper.Watcher>]",pair,1
C:\Users\syuuj\gitProject\zookeeper\zookeeper-server\src\main\java\org\apache\zookeeper\ClientCnxn.java,org.apache.zookeeper.ClientCnxn$EventThread,"queueEvent/2[org.apache.zookeeper.WatchedEvent,java.util.Set<org.apache.zookeeper.Watcher>]",materializedWatchers,2
C:\Users\syuuj\gitProject\zookeeper\zookeeper-server\src\main\java\org\apache\zookeeper\ClientCnxn.java,org.apache.zookeeper.ClientCnxn$EventThread,"queueCallback/4[org.apache.zookeeper.AsyncCallback,int,java.lang.String,java.lang.Object]",rc,1
C:\Users\syuuj\gitProject\zookeeper\zookeeper-server\src\main\java\org\apache\zookeeper\ClientCnxn.java,org.apache.zookeeper.ClientCnxn$EventThread,"queueCallback/4[org.apache.zookeeper.AsyncCallback,int,java.lang.String,java.lang.Object]",path,1
C:\Users\syuuj\gitProject\zookeeper\zookeeper-server\src\main\java\org\apache\zookeeper\ClientCnxn.java,org.apache.zookeeper.ClientCnxn$EventThread,"queueCallback/4[org.apache.zookeeper.AsyncCallback,int,java.lang.String,java.lang.Object]",ctx,1
C:\Users\syuuj\gitProject\zookeeper\zookeeper-server\src\main\java\org\apache\zookeeper\ClientCnxn.java,org.apache.zookeeper.ClientCnxn$EventThread,"queueCallback/4[org.apache.zookeeper.AsyncCallback,int,java.lang.String,java.lang.Object]",cb,1
C:\Users\syuuj\gitProject\zookeeper\zookeeper-server\src\main\java\org\apache\zookeeper\ClientCnxn.java,org.apache.zookeeper.ClientCnxn$EventThread,run/0,e,1
C:\Users\syuuj\gitProject\zookeeper\zookeeper-server\src\main\java\org\apache\zookeeper\ClientCnxn.java,org.apache.zookeeper.ClientCnxn$EventThread,run/0,event,2
C:\Users\syuuj\gitProject\zookeeper\zookeeper-server\src\main\java\org\apache\zookeeper\ClientCnxn.java,org.apache.zookeeper.ClientCnxn$EventThread,processEvent/1[java.lang.Object],watcher,1
C:\Users\syuuj\gitProject\zookeeper\zookeeper-server\src\main\java\org\apache\zookeeper\ClientCnxn.java,org.apache.zookeeper.ClientCnxn$EventThread,processEvent/1[java.lang.Object],clientPath,22
C:\Users\syuuj\gitProject\zookeeper\zookeeper-server\src\main\java\org\apache\zookeeper\ClientCnxn.java,org.apache.zookeeper.ClientCnxn$EventThread,processEvent/1[java.lang.Object],lcb,48
C:\Users\syuuj\gitProject\zookeeper\zookeeper-server\src\main\java\org\apache\zookeeper\ClientCnxn.java,org.apache.zookeeper.ClientCnxn$EventThread,processEvent/1[java.lang.Object],newRc,2
C:\Users\syuuj\gitProject\zookeeper\zookeeper-server\src\main\java\org\apache\zookeeper\ClientCnxn.java,org.apache.zookeeper.ClientCnxn$EventThread,processEvent/1[java.lang.Object],pair,2
C:\Users\syuuj\gitProject\zookeeper\zookeeper-server\src\main\java\org\apache\zookeeper\ClientCnxn.java,org.apache.zookeeper.ClientCnxn$EventThread,processEvent/1[java.lang.Object],rsp,21
C:\Users\syuuj\gitProject\zookeeper\zookeeper-server\src\main\java\org\apache\zookeeper\ClientCnxn.java,org.apache.zookeeper.ClientCnxn$EventThread,processEvent/1[java.lang.Object],p,66
C:\Users\syuuj\gitProject\zookeeper\zookeeper-server\src\main\java\org\apache\zookeeper\ClientCnxn.java,org.apache.zookeeper.ClientCnxn$EventThread,processEvent/1[java.lang.Object],result,2
C:\Users\syuuj\gitProject\zookeeper\zookeeper-server\src\main\java\org\apache\zookeeper\ClientCnxn.java,org.apache.zookeeper.ClientCnxn$EventThread,processEvent/1[java.lang.Object],rc,34
C:\Users\syuuj\gitProject\zookeeper\zookeeper-server\src\main\java\org\apache\zookeeper\ClientCnxn.java,org.apache.zookeeper.ClientCnxn$EventThread,processEvent/1[java.lang.Object],t,3
C:\Users\syuuj\gitProject\zookeeper\zookeeper-server\src\main\java\org\apache\zookeeper\ClientCnxn.java,org.apache.zookeeper.ClientCnxn$EventThread,processEvent/1[java.lang.Object],event,6
C:\Users\syuuj\gitProject\zookeeper\zookeeper-server\src\main\java\org\apache\zookeeper\ClientCnxn.java,org.apache.zookeeper.ClientCnxn$EventThread,processEvent/1[java.lang.Object],results,2
C:\Users\syuuj\gitProject\zookeeper\zookeeper-server\src\main\java\org\apache\zookeeper\ClientCnxn.java,org.apache.zookeeper.ClientCnxn$EventThread,processEvent/1[java.lang.Object],cb,45
C:\Users\syuuj\gitProject\zookeeper\zookeeper-server\src\main\java\org\apache\zookeeper\ClientCnxn.java,org.apache.zookeeper.ClientCnxn$EventThread,queueEvent/1[org.apache.zookeeper.WatchedEvent],event,1
C:\Users\syuuj\gitProject\zookeeper\zookeeper-server\src\main\java\org\apache\zookeeper\ClientCnxn.java,org.apache.zookeeper.ClientCnxn$EventThread,queuePacket/1[org.apache.zookeeper.ClientCnxn.Packet],packet,3
